RunID,PopSize,NumRows,NumGenerations,ExecutionTime(ms)
1,50,1048576,50,2612.826172
2,50,1048576,50,2571.587646
3,50,1048576,50,2574.009766
4,50,1048576,50,2583.557373
5,50,1048576,50,2586.298096
6,50,1048576,50,2595.229492
7,50,1048576,50,2607.555664
8,50,1048576,50,2610.649658
9,50,1048576,50,2617.03418
10,50,1048576,50,2622.968506
