RunID,PopSize,NumRows,NumGenerations,ExecutionTime(ms)
1,50,16384,50,159.5065002
2,50,16384,50,151.6362915
3,50,16384,50,143.0169983
4,50,16384,50,141.5426178
5,50,16384,50,141.620636
6,50,16384,50,142.64505
7,50,16384,50,141.5784912
8,50,16384,50,140.5723572
9,50,16384,50,141.5315247
10,50,16384,50,139.802597
