RunId,PopSize,NumRows,NumGenerations,ExecutionTime(ms)
1,50,16384,50,51378.29089164734
2,50,16384,50,49509.15455818176
3,50,16384,50,53843.63532066345
4,50,16384,50,42753.509521484375
5,50,16384,50,51095.99304199219
6,50,16384,50,30783.787965774536
7,50,16384,50,56414.86072540283
8,50,16384,50,52034.05666351318
9,50,16384,50,47052.65808105469
10,50,16384,50,45930.26304244995
