RunId,PopSize,NumRows,NumGenerations,ExecutionTime(ms)
1,50,1048576,50,282572.0558166504
2,50,1048576,50,311815.6490325928
3,50,1048576,50,310377.83551216125
4,50,1048576,50,302411.3838672638
5,50,1048576,50,287362.14113235474
6,50,1048576,50,298147.61233329773
7,50,1048576,50,312431.6439628601
8,50,1048576,50,299141.5705680847
9,50,1048576,50,307441.14327430725
10,50,1048576,50,283645.7962989807
