RunId,PopSize,NumRows,NumGenerations,ExecutionTime(ms)
1,50,262144,50,86373.79837036133
2,50,262144,50,90151.89337730408
3,50,262144,50,67012.1705532074
4,50,262144,50,85529.69098091125
5,50,262144,50,96982.42521286011
6,50,262144,50,91502.67624855042
7,50,262144,50,65514.18161392212
8,50,262144,50,75957.42917060852
9,50,262144,50,91897.31001853943
10,50,262144,50,67382.82918930054
