RunId,PopSize,NumRows,NumGenerations,ExecutionTime(ms)
1,50,65536,50,5347.2936153411865
2,50,65536,50,4454.822540283203
3,50,65536,50,4371.186017990112
4,50,65536,50,4356.358051300049
5,50,65536,50,4373.521327972412
6,50,65536,50,4463.166952133179
7,50,65536,50,4389.090299606323
8,50,65536,50,4345.88098526001
9,50,65536,50,4396.578788757324
10,50,65536,50,4347.115993499756
