RunId,PopSize,NumRows,NumGenerations,ExecutionTime(ms)
1,50,16384,50,3912.647485733032
2,50,16384,50,2788.8855934143066
3,50,16384,50,2694.441795349121
4,50,16384,50,2745.6092834472656
5,50,16384,50,2691.4870738983154
6,50,16384,50,2566.507339477539
7,50,16384,50,2611.866235733032
8,50,16384,50,2614.609479904175
9,50,16384,50,2577.3661136627197
10,50,16384,50,2584.719181060791
