RunId,PopSize,NumRows,NumGenerations,ExecutionTime(ms)
1,50,4096,50,4226.266384124756
2,50,4096,50,2751.4865398406982
3,50,4096,50,2696.4075565338135
4,50,4096,50,2613.8813495635986
5,50,4096,50,2691.727876663208
6,50,4096,50,2496.427297592163
7,50,4096,50,2718.4536457061768
8,50,4096,50,2565.9267902374268
9,50,4096,50,2465.1570320129395
10,50,4096,50,2391.885995864868
