RunID,PopSize,NumRows,NumGenerations,ExecutionTime(ms)
1,50,262144,50,472.8482056
2,50,262144,50,473.6875
3,50,262144,50,473.4940491
4,50,262144,50,473.7192993
5,50,262144,50,474.4824524
6,50,262144,50,473.0965881
7,50,262144,50,474.3418884
8,50,262144,50,473.1873474
9,50,262144,50,473.6903687
10,50,262144,50,473.6473083
