RunId,PopSize,NumRows,NumGenerations,ExecutionTime(ms)
1,50,262144,50,20433.859825134277
2,50,262144,50,19671.99754714966
3,50,262144,50,19237.486839294434
4,50,262144,50,19962.159633636475
5,50,262144,50,19874.966859817505
6,50,262144,50,19253.14474105835
7,50,262144,50,18969.224452972412
8,50,262144,50,19700.30188560486
9,50,262144,50,19242.405652999878
10,50,262144,50,19593.297004699707
