RunId,PopSize,NumRows,NumGenerations,ExecutionTime(ms)
1,50,4194304,50,260528.34820747375
2,50,4194304,50,258035.84337234497
3,50,4194304,50,259347.7737903595
4,50,4194304,50,260154.15287017822
5,50,4194304,50,266507.74574279785
6,50,4194304,50,271892.43507385254
7,50,4194304,50,270913.1443500519
8,50,4194304,50,272254.8053264618
9,50,4194304,50,272484.6432209015
10,50,4194304,50,270824.43952560425
