RunID,PopSize,NumRows,NumGenerations,ExecutionTime(ms)
1,50,65536,50,212.4604797
2,50,65536,50,185.3401947
3,50,65536,50,185.2010956
4,50,65536,50,186.7529297
5,50,65536,50,185.7888947
6,50,65536,50,185.7017212
7,50,65536,50,187.078949
8,50,65536,50,188.0063629
9,50,65536,50,186.0074921
10,50,65536,50,186.0857544
