RunID,PopSize,NumRows,NumGenerations,ExecutionTime(ms)
1,50,262144,50,873.7436523
2,50,262144,50,847.1400757
3,50,262144,50,837.2237549
4,50,262144,50,847.831665
5,50,262144,50,836.821167
6,50,262144,50,838.0819092
7,50,262144,50,837.0985107
8,50,262144,50,837.9082031
9,50,262144,50,838.329895
10,50,262144,50,837.9492188
