RunId,PopSize,NumRows,NumGenerations,ExecutionTime(ms)
1,50,4096,50,3310.142993927002
2,50,4096,50,2754.882335662842
3,50,4096,50,3024.272680282593
4,50,4096,50,2822.1561908721924
5,50,4096,50,2785.989284515381
6,50,4096,50,2871.2856769561768
7,50,4096,50,2938.7922286987305
8,50,4096,50,2889.7533416748047
9,50,4096,50,2950.1421451568604
10,50,4096,50,2914.562702178955
