RunID,PopSize,NumRows,NumGenerations,ExecutionTime(ms)
1,50,4194304,50,6403.482422
2,50,4194304,50,6416.790527
3,50,4194304,50,6428.212891
4,50,4194304,50,6446.979004
5,50,4194304,50,6454.339355
6,50,4194304,50,6463.961914
7,50,4194304,50,6452.516602
8,50,4194304,50,6447.739258
9,50,4194304,50,6472.370605
10,50,4194304,50,6486.750977
