RunID,PopSize,NumRows,NumGenerations,ExecutionTime(ms)
1,50,4096,50,85.05443573
2,50,4096,50,85.12905884
3,50,4096,50,85.1448288
4,50,4096,50,85.09907532
5,50,4096,50,85.010849
6,50,4096,50,85.04259491
7,50,4096,50,84.96627045
8,50,4096,50,84.9744339
9,50,4096,50,85.12665558
10,50,4096,50,85.08089447
