RunId,PopSize,NumRows,NumGenerations,ExecutionTime(ms)
1,50,1048576,50,59583.510398864746
2,50,1048576,50,59094.40302848816
3,50,1048576,50,58930.38535118103
4,50,1048576,50,59886.35468482971
5,50,1048576,50,60408.525705337524
6,50,1048576,50,59093.74928474426
7,50,1048576,50,60988.258361816406
8,50,1048576,50,59679.84843254089
9,50,1048576,50,59443.30167770386
10,50,1048576,50,60754.58598136902
