RunId,PopSize,NumRows,NumGenerations,ExecutionTime(ms)
1,50,262144,50,6173.113584518433
2,50,262144,50,6153.271675109863
3,50,262144,50,6161.080121994019
4,50,262144,50,6247.447729110718
5,50,262144,50,5912.534952163696
6,50,262144,50,6077.24142074585
7,50,262144,50,6314.997911453247
8,50,262144,50,6117.300271987915
9,50,262144,50,5885.684967041016
10,50,262144,50,6036.069393157959
