RunId,PopSize,NumRows,NumGenerations,ExecutionTime(ms)
1,50,4096,50,49951.11393928528
2,50,4096,50,51328.819036483765
3,50,4096,50,47706.41875267029
4,50,4096,50,44634.084701538086
5,50,4096,50,63450.87003707886
6,50,4096,50,33977.35333442688
7,50,4096,50,32574.959754943848
8,50,4096,50,47130.5468082428
9,50,4096,50,48308.286905288696
10,50,4096,50,47225.884437561035
