RunID,PopSize,NumRows,NumGenerations,ExecutionTime(ms)
1,50,4096,50,87.3969574
2,50,4096,50,86.96591949
3,50,4096,50,86.97071838
4,50,4096,50,86.58096313
5,50,4096,50,86.1922226
6,50,4096,50,86.22796631
7,50,4096,50,86.44290924
8,50,4096,50,86.7547226
9,50,4096,50,87.95436859
10,50,4096,50,87.67664337
