RunId,PopSize,NumRows,NumGenerations,ExecutionTime(ms)
1,50,65536,50,42842.45824813843
2,50,65536,50,39820.7426071167
3,50,65536,50,43650.98738670349
4,50,65536,50,59756.10089302063
5,50,65536,50,50309.0238571167
6,50,65536,50,58317.57140159607
7,50,65536,50,44218.42288970947
8,50,65536,50,42668.148040771484
9,50,65536,50,57083.04667472839
10,50,65536,50,56229.151010513306
