RunID,PopSize,NumRows,NumGenerations,ExecutionTime(ms)
1,50,4194304,50,6311.800293
2,50,4194304,50,6295.922363
3,50,4194304,50,6298.89209
4,50,4194304,50,6356.89209
5,50,4194304,50,6399.889648
6,50,4194304,50,6405.940918
7,50,4194304,50,6443.779297
8,50,4194304,50,6447.734863
9,50,4194304,50,6503.565918
10,50,4194304,50,6571.911621
