RunID,PopSize,NumRows,NumGenerations,ExecutionTime(ms)
1,50,1048576,50,6733.245117
2,50,1048576,50,6737.541016
3,50,1048576,50,6746.167969
4,50,1048576,50,6769.86377
5,50,1048576,50,6792.38916
6,50,1048576,50,6823.066895
7,50,1048576,50,6829.083008
8,50,1048576,50,6840.974121
9,50,1048576,50,6848.083008
10,50,1048576,50,6854.154297
