RunId,PopSize,NumRows,NumGenerations,ExecutionTime(ms)
1,50,4194304,50,26728.960037231445
2,50,4194304,50,26594.568729400635
3,50,4194304,50,26769.643306732178
4,50,4194304,50,26818.772792816162
5,50,4194304,50,26902.81867980957
6,50,4194304,50,27078.349113464355
7,50,4194304,50,27059.44585800171
8,50,4194304,50,27224.38669204712
9,50,4194304,50,27430.2339553833
10,50,4194304,50,27228.59215736389
