RunId,PopSize,NumRows,NumGenerations,ExecutionTime(ms)
1,50,16384,50,4150.90012550354
2,50,16384,50,4150.146722793579
3,50,16384,50,4193.499565124512
4,50,16384,50,4251.775503158569
5,50,16384,50,4212.3095989227295
6,50,16384,50,4166.364431381226
7,50,16384,50,4205.114364624023
8,50,16384,50,4333.329677581787
9,50,16384,50,4337.595224380493
10,50,16384,50,4366.744756698608
