RunId,PopSize,NumRows,NumGenerations,ExecutionTime(ms)
1,50,65536,50,4100.315809249878
2,50,65536,50,4124.241828918457
3,50,65536,50,4164.980173110962
4,50,65536,50,4096.134424209595
5,50,65536,50,4118.356227874756
6,50,65536,50,4107.029676437378
7,50,65536,50,4088.2554054260254
8,50,65536,50,4180.338144302368
9,50,65536,50,4224.475860595703
10,50,65536,50,4271.809816360474
