RunID,PopSize,NumRows,NumGenerations,ExecutionTime(ms)
1,50,65536,50,303.4125366
2,50,65536,50,302.8289795
3,50,65536,50,305.1994324
4,50,65536,50,304.4545898
5,50,65536,50,304.8302307
6,50,65536,50,305.1214294
7,50,65536,50,305.1135254
8,50,65536,50,304.4862976
9,50,65536,50,311.0151978
10,50,65536,50,304.4119873
