RunId,PopSize,NumRows,NumGenerations,ExecutionTime(ms)
1,50,1048576,50,8963.566780090332
2,50,1048576,50,9192.660093307495
3,50,1048576,50,9147.392272949219
4,50,1048576,50,9027.092933654785
5,50,1048576,50,9326.594114303589
6,50,1048576,50,9273.831605911255
7,50,1048576,50,9410.87555885315
8,50,1048576,50,9531.692504882812
9,50,1048576,50,9478.21593284607
10,50,1048576,50,9634.369611740112
