RunID,PopSize,NumRows,NumGenerations,ExecutionTime(ms)
1,50,16384,50,165.8079376
2,50,16384,50,154.5915833
3,50,16384,50,148.0178833
4,50,16384,50,147.0499573
5,50,16384,50,146.8657532
6,50,16384,50,146.8138275
7,50,16384,50,146.9418945
8,50,16384,50,147.2786865
9,50,16384,50,146.7542114
10,50,16384,50,146.8009644
